customer_id,name,email,signup_date,country,is_premium
a8ce7d8d-05af-41a3-9828-3d8e68745b56,Jane Smith,jane.smith@outlook.com,2024-06-30T23:28:46.417454,Australia,False
d7d19f11-82da-4683-800f-9c0eeddebb8d,Jane Johnson,jane.johnson@hotmail.com,2025-09-09T23:28:46.417519,USA,True
7eddce40-a3d1-48dd-9b64-5f22f6b81a9f,Sarah Brown,sarah.brown@gmail.com,2024-10-02T23:28:46.417544,Japan,False
151d17d6-d055-4dcd-aa50-a85f635166dd,Emma Jones,emma.jones@gmail.com,2024-12-22T23:28:46.417559,Japan,False
8fe62118-1cc0-4a7c-94f5-cfd80870fd6d,David Williams,david.williams@yahoo.com,2023-12-25T23:28:46.417572,UK,True
b0259969-01af-4eb1-8c2d-508b126dbd18,James Johnson,james.johnson@outlook.com,2023-12-10T23:28:46.417585,Germany,True
80d4b519-e168-4fc0-b2dc-2388ed549b11,Emma Johnson,emma.johnson@hotmail.com,2025-06-05T23:28:46.417597,Germany,False
7ca8baac-ecd6-4ebc-9531-c6bab061fbea,Sarah Johnson,sarah.johnson@gmail.com,2024-08-04T23:28:46.417610,Germany,True
724e08a7-313d-47a4-8c06-059071b5db49,Sarah Johnson,sarah.johnson@hotmail.com,2024-04-23T23:28:46.417624,India,False
9124e8e8-27ad-4c90-88a0-05bf16097761,Michael Garcia,michael.garcia@outlook.com,2024-09-10T23:28:46.417638,Germany,True
4d9e95de-77bc-44ec-841f-4d2f129651fb,Michael Brown,michael.brown@yahoo.com,2023-04-12T23:28:46.417652,Japan,False
e0b45fc6-917c-4bcb-938c-48a687b7ecbc,Sarah Garcia,sarah.garcia@gmail.com,2024-08-01T23:28:46.417666,USA,False
886d8b74-8af0-4d25-aa16-6a667105fb62,James Jones,james.jones@gmail.com,2024-09-07T23:28:46.417713,France,False
bffd8870-1668-48d3-9352-ff0403686dc5,Emma Miller,emma.miller@hotmail.com,2025-01-25T23:28:46.417731,Germany,False
6cb731c0-156f-43a1-acc8-0c236d545e22,Sarah Jones,sarah.jones@hotmail.com,2023-08-19T23:28:46.417745,France,False
edc75093-3eb1-4405-b635-39884982a737,Michael Davis,michael.davis@gmail.com,2025-08-09T23:28:46.417758,UK,False
3fc740ad-f65d-415d-9504-9643fdfaa10f,Michael Miller,michael.miller@gmail.com,2023-09-17T23:28:46.417772,Japan,False
c82c637f-99c6-47d2-a8f7-308e504a17e0,David Smith,david.smith@gmail.com,2024-05-16T23:28:46.417786,France,True
39abc2b0-5fce-4a3e-9dfd-ec624d243b49,David Miller,david.miller@yahoo.com,2023-04-29T23:28:46.417800,USA,False
a8a33fdb-bb84-4e46-9f61-b437b5af7d73,Michael Johnson,michael.johnson@outlook.com,2023-01-09T23:28:46.417816,Australia,False
aae5111c-d590-44b5-85f0-086a1f2a6760,Emily Williams,emily.williams@gmail.com,2024-01-20T23:28:46.417830,India,True
1669799b-7906-4214-bf39-407676f808af,Jane Garcia,jane.garcia@outlook.com,2024-07-11T23:28:46.417844,USA,False
de53aefd-d30b-4c67-ad86-e98a67653d7e,Jane Johnson,jane.johnson@hotmail.com,2025-06-25T23:28:46.417858,Canada,False
4ad320b8-15d4-4461-8304-593ad503790a,Emma Williams,emma.williams@outlook.com,2022-11-29T23:28:46.417873,Japan,False
a3260f52-62eb-45cc-86ac-d1cea5e08a0b,Sarah Jones,sarah.jones@hotmail.com,2023-10-11T23:28:46.417888,India,False
5c38e2b1-665a-4124-bbe6-51ede408e536,Jane Brown,jane.brown@yahoo.com,2025-07-05T23:28:46.417902,France,True
bab68118-702d-4559-9e7e-35f6a3e28f01,Sarah Brown,sarah.brown@gmail.com,2025-06-21T23:28:46.417916,USA,False
fa4ef249-183e-4e53-a946-14d1d3f9f6f2,Jane Smith,jane.smith@outlook.com,2025-06-21T23:28:46.417929,Australia,False
76176723-d9b4-466a-b06f-453e68bda572,Emma Brown,emma.brown@yahoo.com,2023-03-21T23:28:46.417943,Australia,False
c2e914bc-1080-4603-8c60-a8606b06563e,James Brown,james.brown@gmail.com,2025-04-29T23:28:46.417957,Japan,False
b8cc847c-19af-4cd3-b351-04e958ebb5f7,James Miller,james.miller@hotmail.com,2025-07-26T23:28:46.417970,UK,True
3b751624-60ab-4a42-b8ea-7af4876c6e2c,James Garcia,james.garcia@gmail.com,2024-06-22T23:28:46.417984,Australia,False
0066a49b-c8f1-472f-98de-74abb463f2ab,Emma Williams,emma.williams@hotmail.com,2024-11-03T23:28:46.417999,Germany,False
b227bce0-b06b-4d93-a914-94c0d0e49b7f,Sarah Johnson,sarah.johnson@hotmail.com,2025-04-27T23:28:46.418020,USA,True
0ca29073-8800-42d5-ba7a-5e69df834b2c,Jane Brown,jane.brown@yahoo.com,2023-08-04T23:28:46.418034,India,False
ce22ca14-947f-4853-88be-0bf2b11bd310,Sarah Miller,sarah.miller@gmail.com,2024-12-11T23:28:46.418048,Japan,True
2a9499b6-12b0-4b8e-b46a-b9094083ed37,James Jones,james.jones@hotmail.com,2024-04-08T23:28:46.418062,Japan,False
160539c8-302c-486a-b1f4-9846bafa7e57,Michael Brown,michael.brown@outlook.com,2024-08-25T23:28:46.418076,USA,True
6b15d685-c311-4381-9197-915c53bee9e8,Emily Smith,emily.smith@gmail.com,2023-03-13T23:28:46.418090,Canada,True
34366a01-c94e-4e58-a3ab-34ee7a0bab5e,Jane Williams,jane.williams@gmail.com,2025-06-27T23:28:46.418103,Australia,False
69e9d43b-9c85-4945-96fa-898c9772a7d6,Jane Brown,jane.brown@gmail.com,2025-05-30T23:28:46.418116,Japan,False
cf47a810-96ff-4f81-a979-b0015028f681,David Brown,david.brown@outlook.com,2024-07-13T23:28:46.418130,Germany,False
35772a70-71b4-42ff-a7ed-c23ee0b83648,Michael Jones,michael.jones@hotmail.com,2024-02-05T23:28:46.418143,UK,True
8c918f39-aad5-46dd-81fe-8ef206ab4db4,Emma Johnson,emma.johnson@gmail.com,2024-09-03T23:28:46.418152,Germany,False
8fc84d76-6b50-4da6-816f-447eff36e012,Emily Johnson,emily.johnson@yahoo.com,2023-10-19T23:28:46.418159,Germany,False
2206215c-3012-472b-8bda-595caca3a5b0,Emma Jones,emma.jones@gmail.com,2024-03-10T23:28:46.418167,UK,False
83db0d3a-b40f-42ce-9eb9-ab7d716e5b65,David Johnson,david.johnson@gmail.com,2024-12-30T23:28:46.418176,Germany,False
e0b81d30-f7ee-4ff6-a15c-176fda98df40,Sarah Garcia,sarah.garcia@yahoo.com,2024-05-22T23:28:46.418184,India,False
479eaf4a-9066-4698-a3e3-38006d5e4988,John Johnson,john.johnson@hotmail.com,2024-04-26T23:28:46.418197,USA,True
ce10d58b-e1cb-44bc-877f-afbba731ec48,Emily Williams,emily.williams@outlook.com,2024-12-18T23:28:46.418210,India,False
23fcc075-38aa-4dd1-90b5-8327b713b388,John Johnson,john.johnson@gmail.com,2025-01-12T23:28:46.418219,USA,False
94bf2a43-a8c1-4df3-8a48-e3bb97fb5313,Michael Miller,michael.miller@yahoo.com,2025-08-20T23:28:46.418226,Germany,False
d956446f-75ca-4dc2-a53d-8c1a6937a42f,John Garcia,john.garcia@yahoo.com,2024-06-20T23:28:46.418235,UK,False
e7c93db8-9f50-4464-b1ea-6be0e31930a5,James Williams,james.williams@yahoo.com,2024-12-16T23:28:46.418244,Canada,False
b8d72140-d027-45c1-8320-909a4df171d9,John Williams,john.williams@outlook.com,2023-07-24T23:28:46.418251,Australia,False
60e79156-bc3e-4faa-a86b-63b5d31d7c34,Michael Johnson,michael.johnson@hotmail.com,2025-08-26T23:28:46.418259,India,False
b269f4bb-9b7a-4de9-b483-6e0dac0b41b3,Sarah Davis,sarah.davis@outlook.com,2024-02-27T23:28:46.418266,Australia,False
a99b7720-d132-4136-a556-984f0dcc74a0,John Brown,john.brown@hotmail.com,2024-01-11T23:28:46.418278,Germany,True
ec48ab59-dbc8-4c7c-8f24-17c16dde2025,David Garcia,david.garcia@hotmail.com,2024-01-05T23:28:46.418291,USA,True
c9a38f05-e17c-4b86-a7d3-2437f1fbee71,David Williams,david.williams@outlook.com,2025-08-27T23:28:46.418299,UK,False
a223a78f-39f5-448d-b172-59252eb18721,Emily Garcia,emily.garcia@hotmail.com,2023-01-01T23:28:46.418307,UK,False
b3a94c91-1315-4802-9c2f-59e19fdd9619,Sarah Jones,sarah.jones@gmail.com,2023-06-04T23:28:46.418316,USA,False
5d92377a-4e76-4299-9d62-68da2ab86e2f,Emily Miller,emily.miller@gmail.com,2024-01-07T23:28:46.418324,France,True
264575c7-d457-4b6f-80bb-d908335c4034,David Jones,david.jones@hotmail.com,2024-01-15T23:28:46.418331,Japan,False
e4cd5aa5-e44f-4e4d-8c59-9ebd849122b0,Michael Brown,michael.brown@hotmail.com,2023-09-29T23:28:46.418338,Canada,False
12a37567-106c-456b-93f0-277a94650f07,James Smith,james.smith@outlook.com,2024-04-05T23:28:46.418348,Australia,False
00bf1833-0cb2-40ff-8430-0d94c8c89dbd,Emily Davis,emily.davis@hotmail.com,2023-05-23T23:28:46.418355,Australia,False
e0a29976-d114-4347-ac3a-6481be52424c,Michael Johnson,michael.johnson@outlook.com,2022-12-24T23:28:46.418369,France,True
756f428b-2c53-42eb-8324-e885f5d26971,Sarah Jones,sarah.jones@yahoo.com,2024-10-02T23:28:46.418380,Canada,True
7e9a41e4-ee71-46e1-9669-27b3f82e1669,John Brown,john.brown@hotmail.com,2025-06-17T23:28:46.418393,India,False
8c404f79-fdf5-48c3-950c-fc7ac1f00eb8,Sarah Miller,sarah.miller@hotmail.com,2023-08-18T23:28:46.418405,Australia,False
cf2e5f3d-880e-4cde-9e7a-70c89b693c45,John Johnson,john.johnson@hotmail.com,2024-08-22T23:28:46.418413,Canada,False
f17c35cc-ebba-4760-b01e-9071ccb1ca91,John Brown,john.brown@gmail.com,2023-04-24T23:28:46.418426,Canada,False
dfd2b51f-2089-4712-8af4-90020da27fa9,Emily Davis,emily.davis@hotmail.com,2023-05-15T23:28:46.418434,Canada,False
7d7756d1-d500-459d-890b-2226f3534f5e,Emma Jones,emma.jones@yahoo.com,2024-04-25T23:28:46.418441,India,False
33958b5c-e242-4461-b3c2-56f5cead3301,David Davis,david.davis@gmail.com,2024-04-07T23:28:46.418451,Australia,False
ff0cda03-03f1-4c88-b5af-eb697cbf6e35,Emily Garcia,emily.garcia@gmail.com,2025-02-03T23:28:46.418464,Canada,False
8a0cfaf5-09d1-4f0c-b410-34cb86373a3c,James Williams,james.williams@yahoo.com,2025-07-05T23:28:46.418484,Japan,False
664b4b95-2903-4ca2-82a5-ba65cb49e8a1,Emily Davis,emily.davis@hotmail.com,2025-07-09T23:28:46.418494,Australia,False
6698201d-0cf9-4e35-a9f6-230eab92f418,James Smith,james.smith@hotmail.com,2023-03-13T23:28:46.418501,USA,False
657efd70-49f6-4b02-b8f8-2513e386ad61,David Miller,david.miller@hotmail.com,2024-08-19T23:28:46.418509,India,False
54109ec0-9b19-43f4-aefd-144834adb3b8,David Miller,david.miller@hotmail.com,2025-09-15T23:28:46.418523,Japan,False
cbfe6454-ef8a-4dc5-bcf3-228dabb9b402,James Williams,james.williams@hotmail.com,2025-02-25T23:28:46.418535,USA,False
91188a93-fc95-4dc8-b7de-7be003d921f4,John Johnson,john.johnson@hotmail.com,2025-02-09T23:28:46.418552,India,False
234ecb32-f1f7-4612-808b-2dd6db279ce5,John Jones,john.jones@hotmail.com,2024-01-13T23:28:46.418561,Australia,False
b740a0a9-2053-4f98-b7a6-d0ccd59e3a57,Emily Garcia,emily.garcia@hotmail.com,2024-04-23T23:28:46.418568,Japan,False
a9526671-cd77-484f-9367-c86ea1eb5f72,Jane Davis,jane.davis@gmail.com,2025-07-30T23:28:46.418575,France,False
e75ab236-71bd-4cab-8f9f-e735f7fdbe31,Jane Smith,jane.smith@gmail.com,2024-06-25T23:28:46.418583,Australia,True
602bd98d-588c-4547-88a4-c93e471dad7f,Michael Brown,michael.brown@yahoo.com,2023-03-20T23:28:46.418590,UK,False
e8e33fea-db03-449d-8c18-ec691d433ca2,Emma Jones,emma.jones@outlook.com,2024-12-05T23:28:46.418600,UK,False
87a2c354-8944-49b4-86b5-952099af4cad,David Johnson,david.johnson@gmail.com,2024-02-14T23:28:46.418613,Japan,False
a26f2cbb-72ac-4a34-8914-d189a324d2bb,Sarah Johnson,sarah.johnson@yahoo.com,2025-04-19T23:28:46.418624,Germany,True
3b075609-45b4-40fc-9b94-cb2363d76196,John Garcia,john.garcia@hotmail.com,2023-10-17T23:28:46.418633,UK,False
3583d919-75f2-4ab8-84bc-c217e2b4ad60,John Miller,john.miller@hotmail.com,2025-04-11T23:28:46.418647,Japan,False
e3ff22a6-a87c-4aa8-a636-cf2b68d2b10d,Emma Williams,emma.williams@hotmail.com,2024-11-18T23:28:46.418656,Germany,False
9c74add3-cb3a-49a0-bb34-cd357dc366cc,Emma Miller,emma.miller@outlook.com,2024-01-23T23:28:46.418663,Australia,True
16e07ba5-6ccb-478d-86e9-0d74f0d94f64,David Davis,david.davis@yahoo.com,2023-04-07T23:28:46.418697,Japan,False
d0769283-8831-42b0-a297-f012a2904f95,John Davis,john.davis@outlook.com,2024-11-06T23:28:46.418705,India,False
19264222-e276-4a00-904f-c166efdbb176,Emily Jones,emily.jones@outlook.com,2024-04-20T23:28:46.418712,Germany,True
f57a6c62-5e4b-4be3-8241-b295c581d7c1,Sarah Johnson,sarah.johnson@yahoo.com,2023-08-04T23:28:46.418720,India,False
8db9300c-36ed-48b0-b395-f6c909fa64eb,Emma Davis,emma.davis@hotmail.com,2025-10-09T23:28:46.418727,UK,False
03ee191d-d7c0-4dfb-b4b7-ce0e756a5e09,Sarah Miller,sarah.miller@yahoo.com,2024-02-25T23:28:46.418734,France,False
ec35b0a0-1806-4e63-99e5-42a8f807f147,Emily Miller,emily.miller@outlook.com,2023-11-24T23:28:46.418741,India,False
06a7caa4-180c-45b0-9ec7-976f7b6439d3,David Jones,david.jones@yahoo.com,2025-03-11T23:28:46.418748,Australia,False
088074cf-5c40-4bc2-9595-69fa1e62cd75,Jane Williams,jane.williams@yahoo.com,2024-08-27T23:28:46.418757,India,False
c81d9aaf-13ff-4391-a437-ae408e35b448,David Johnson,david.johnson@yahoo.com,2024-03-17T23:28:46.418764,Australia,False
2b4b7e04-9584-4bfc-b8aa-f55ac1dac253,Michael Jones,michael.jones@gmail.com,2022-11-16T23:28:46.418777,Canada,False
17450b55-da23-47ad-8d7d-a68b04e1c2fe,John Smith,john.smith@outlook.com,2025-02-28T23:28:46.418788,India,True
dda418c7-eff0-478a-bbc1-32b6b1066b68,John Jones,john.jones@hotmail.com,2023-03-09T23:28:46.418799,India,False
d6d6817c-cf41-42b4-aa53-487a0191192e,Michael Smith,michael.smith@outlook.com,2023-03-11T23:28:46.418813,UK,True
717bfaea-0ca3-4ecf-9ee2-e69b37c97ea2,James Davis,james.davis@gmail.com,2025-07-27T23:28:46.418824,Canada,False
26397945-9b25-4cbe-b701-52432f35ec94,David Johnson,david.johnson@yahoo.com,2025-03-16T23:28:46.418842,Japan,False
1eb06030-8cb3-446e-8fdc-30403f66a73e,James Davis,james.davis@hotmail.com,2024-03-15T23:28:46.418856,Japan,False
72677979-358f-4ee5-85cf-35323ffaaefc,John Johnson,john.johnson@yahoo.com,2024-09-07T23:28:46.418869,Germany,True
dc667180-167c-4d8a-a5f6-53be272c787b,Michael Brown,michael.brown@yahoo.com,2025-06-13T23:28:46.418883,Canada,True
af7f376e-5992-4900-8f74-a38dc699b845,James Davis,james.davis@hotmail.com,2024-03-27T23:28:46.418893,USA,False
b75fb6fc-d2d5-45c3-93cc-b7d28a056d5c,David Jones,david.jones@hotmail.com,2025-06-21T23:28:46.418902,Australia,False
e8f4f00a-1432-4b27-8b9b-66dc113b42a6,Sarah Miller,sarah.miller@gmail.com,2024-08-10T23:28:46.418915,Canada,False
0edf3c8b-d44e-46da-ad72-1d496853cee0,Michael Johnson,michael.johnson@gmail.com,2024-12-09T23:28:46.418931,Germany,False
a889c82e-887a-496c-85fb-6b6c72b26dd8,Emma Johnson,emma.johnson@hotmail.com,2024-03-01T23:28:46.418942,Japan,False
9933a71a-c48a-4ab7-8a14-3a8bd0908513,Emma Davis,emma.davis@gmail.com,2025-08-24T23:28:46.418958,Japan,False
f2048596-7ae9-47e8-a027-5b49320e1e26,David Smith,david.smith@gmail.com,2024-08-02T23:28:46.418969,USA,False
0f2053a6-0b97-4462-82ea-fbfea659ed59,John Williams,john.williams@hotmail.com,2022-12-17T23:28:46.418978,India,False
5e7e46f6-6aa2-4fa9-b64a-240c0c2a805f,Michael Miller,michael.miller@hotmail.com,2025-05-11T23:28:46.418986,India,False
58987d1e-005c-4b9d-9c2e-c36160a1044f,James Garcia,james.garcia@outlook.com,2025-04-13T23:28:46.418994,Canada,False
00320175-ef5b-4888-b8fb-d6181ad2b797,James Davis,james.davis@outlook.com,2023-08-16T23:28:46.419002,USA,False
d3ecf03a-ea85-445d-b2c9-b446afc1086f,Jane Garcia,jane.garcia@outlook.com,2024-01-21T23:28:46.419010,UK,False
d5a76ec5-b5e9-4742-bbe4-2e33cdaeb49c,John Davis,john.davis@hotmail.com,2025-07-25T23:28:46.419018,Australia,False
91df2a41-a2c5-4185-8482-66836f50cc2b,Emma Davis,emma.davis@gmail.com,2024-09-23T23:28:46.419026,Germany,False
5b7769bb-a40a-4f67-80f5-f6ca39c45dec,David Davis,david.davis@hotmail.com,2025-03-10T23:28:46.419038,USA,False
b23d6b29-9f15-4ea1-955b-7ee950aeab99,Michael Jones,michael.jones@gmail.com,2023-08-01T23:28:46.419047,UK,False
e9abffe2-264b-4963-8f2d-1f704184d094,Jane Davis,jane.davis@gmail.com,2025-01-02T23:28:46.419055,India,False
95906eec-7fa0-44df-b57b-97125226490f,David Miller,david.miller@hotmail.com,2023-03-22T23:28:46.419062,Australia,False
9e038a58-6200-46b3-ba14-be5a6012737e,Michael Miller,michael.miller@yahoo.com,2023-01-08T23:28:46.419069,Canada,True
a8631834-2865-44dc-9b0d-986fb7ae256c,David Miller,david.miller@outlook.com,2023-01-09T23:28:46.419079,Germany,True
2b2c2be4-cf47-4b57-96d7-c6f7b2dad2a5,David Jones,david.jones@hotmail.com,2025-01-13T23:28:46.419093,India,False
3a68327d-5722-4fd1-998b-a75c10877779,Emily Garcia,emily.garcia@hotmail.com,2023-04-26T23:28:46.419105,France,False
3df3b917-6b97-4f71-a2c9-c3d392caaf4a,Sarah Miller,sarah.miller@yahoo.com,2023-07-26T23:28:46.419118,USA,False
7872c67c-ca4f-4ab7-99c8-67105c312b8f,Emma Miller,emma.miller@hotmail.com,2025-01-06T23:28:46.419127,India,True
3ec64af0-6050-4961-9207-c6b80f054f58,Michael Garcia,michael.garcia@gmail.com,2023-05-27T23:28:46.419135,UK,False
758d6717-147d-403b-8ed3-b16af50befd6,John Williams,john.williams@hotmail.com,2025-01-01T23:28:46.419143,UK,False
89f64924-dac1-46aa-ae61-4e24c4aeed10,David Garcia,david.garcia@hotmail.com,2025-06-02T23:28:46.419151,France,False
35f3941a-5491-4560-b9a4-cafde5b28b91,Emily Davis,emily.davis@gmail.com,2025-06-26T23:28:46.419158,Australia,False
81c10039-d949-4e37-92d5-aa2d66a7bfea,Sarah Johnson,sarah.johnson@hotmail.com,2025-04-26T23:28:46.419167,UK,False
cb7e0496-d8b3-4a00-9e3d-78bf02fc57b4,Michael Jones,michael.jones@gmail.com,2025-08-11T23:28:46.419176,France,True
976d3a46-5469-421d-b28a-802180af2c36,David Garcia,david.garcia@outlook.com,2023-06-15T23:28:46.419190,Canada,False
193649ea-0738-45e3-a026-2f48b0c6579d,James Williams,james.williams@yahoo.com,2024-11-20T23:28:46.419200,UK,False
48c49485-0510-4e2c-a8f0-beb366d43023,Sarah Davis,sarah.davis@yahoo.com,2024-07-26T23:28:46.419212,India,False
50ae45b1-e845-4e1b-8f72-a97180e4829e,Emma Jones,emma.jones@gmail.com,2023-04-06T23:28:46.419225,Germany,False
7cfd7b36-4be2-450b-af25-77a3616f3860,Jane Davis,jane.davis@outlook.com,2024-03-11T23:28:46.419236,Japan,False
5cad46bf-8a61-4e6b-9b6b-eb20247d1eb7,Emma Jones,emma.jones@yahoo.com,2023-09-18T23:28:46.419248,India,True
0a38e1b7-02ac-4d6c-bfa5-c5cd06a0c686,Sarah Miller,sarah.miller@outlook.com,2024-03-18T23:28:46.419263,Germany,True
a41b595e-8f2c-4533-9df9-9a8a368bf596,James Jones,james.jones@gmail.com,2025-08-05T23:28:46.419278,India,False
0c7f2e83-b486-4c01-a454-044029872c38,Sarah Garcia,sarah.garcia@yahoo.com,2024-10-20T23:28:46.419290,Germany,False
92361cc2-54e1-40d3-ab69-71a5e3d0fab2,Jane Smith,jane.smith@outlook.com,2023-05-26T23:28:46.419297,USA,False
9594b4ca-0595-4d62-bd88-9e913b79dac1,Michael Johnson,michael.johnson@outlook.com,2024-01-14T23:28:46.419308,Japan,False
4d262f60-f58c-483a-ba04-f522173cbb17,Sarah Williams,sarah.williams@outlook.com,2022-11-22T23:28:46.419321,Germany,False
651c5680-ae82-4a87-bb17-d9aabf91dc14,David Davis,david.davis@outlook.com,2023-12-21T23:28:46.419333,UK,False
da2767df-1a5c-426c-834e-713f19b9472e,Jane Williams,jane.williams@yahoo.com,2023-08-23T23:28:46.419346,France,True
fd988927-658f-407b-8195-57703a27b695,James Smith,james.smith@outlook.com,2025-03-05T23:28:46.419356,India,False
0df232d5-d0eb-48b6-8f66-30887ca82406,David Miller,david.miller@outlook.com,2025-04-06T23:28:46.419364,Australia,False
7667e45b-1d5a-461e-abaa-12f7fd6c2af9,John Garcia,john.garcia@yahoo.com,2025-07-07T23:28:46.419371,India,False
04de9d15-3b84-4bbf-aebc-70c07a7ff6ad,James Johnson,james.johnson@yahoo.com,2025-08-13T23:28:46.419378,USA,False
30294967-4d2d-4583-b76e-e9a0ca7f263c,Emma Johnson,emma.johnson@gmail.com,2024-07-21T23:28:46.419385,Canada,False
60e42f73-93d2-41dd-a937-555200ee3a07,Emma Garcia,emma.garcia@hotmail.com,2025-01-01T23:28:46.419392,Japan,True
6c9649ff-79e3-47ab-b9fa-494e3d13ce72,Emma Miller,emma.miller@outlook.com,2025-09-07T23:28:46.419400,France,False
3314b78d-734b-4bb7-8e00-d73468634fef,Emma Davis,emma.davis@yahoo.com,2023-11-02T23:28:46.419415,UK,False
0d925dd0-eed5-413d-b0fd-5a25479ff7bb,Emily Smith,emily.smith@hotmail.com,2024-04-27T23:28:46.419425,Australia,True
da13009b-2dbb-406c-b20f-e39619673c0a,Emma Johnson,emma.johnson@yahoo.com,2025-10-01T23:28:46.419433,USA,False
425a9bfb-5e5f-442d-b9f9-2b96cb5271d6,Sarah Williams,sarah.williams@yahoo.com,2025-06-26T23:28:46.419443,Australia,False
95b357c9-d44a-42d0-8ab1-d349e7b80e56,Sarah Garcia,sarah.garcia@yahoo.com,2025-11-08T23:28:46.419456,Germany,False
50f3cb6e-08cb-4bc0-a286-faf9e0ea2846,Michael Jones,michael.jones@yahoo.com,2025-04-02T23:28:46.419467,USA,False
079479d2-3338-4cdc-ba7f-060faf789d04,John Garcia,john.garcia@yahoo.com,2024-01-20T23:28:46.419475,USA,False
8154d141-9972-48bb-ad17-cffa6c0eb6bf,David Smith,david.smith@yahoo.com,2023-07-05T23:28:46.419490,UK,True
9c97183e-4637-466a-9923-bf9b48979ba0,Emma Davis,emma.davis@outlook.com,2022-12-28T23:28:46.419503,UK,False
e1ce9f24-1acf-4401-b34a-e47284e4bcfb,Sarah Smith,sarah.smith@outlook.com,2023-04-20T23:28:46.419512,USA,True
36286d83-9f99-41ce-945c-cb253fd65a86,Emma Miller,emma.miller@hotmail.com,2025-04-06T23:28:46.419520,India,False
16cce4a2-8e0d-4f50-bb61-a79425b8144d,Jane Johnson,jane.johnson@outlook.com,2025-01-14T23:28:46.419530,UK,False
4a557de1-8659-4425-8c97-23778111ae9d,David Garcia,david.garcia@hotmail.com,2022-11-23T23:28:46.419543,Germany,False
72d25c8a-51fc-476a-ac08-70bb1bbb656d,James Johnson,james.johnson@gmail.com,2024-08-30T23:28:46.419552,Japan,False
b010fbc3-0c19-406d-bff9-ba0dd511e678,Sarah Miller,sarah.miller@outlook.com,2023-04-30T23:28:46.419560,Japan,False
5607fefa-e16d-415d-871b-7ff0f5d8c42a,Jane Garcia,jane.garcia@hotmail.com,2024-02-12T23:28:46.419572,Germany,False
9d2b484b-5331-42a8-94cd-36f53036cb3b,Michael Davis,michael.davis@gmail.com,2025-05-11T23:28:46.419584,UK,True
8e8e3dd1-84fb-4daf-96dd-e17e8823650a,James Johnson,james.johnson@outlook.com,2025-02-20T23:28:46.419592,USA,False
bf591dff-5a12-4bf1-85e0-4cdc69f61a36,Jane Miller,jane.miller@outlook.com,2023-07-01T23:28:46.419600,USA,False
78be4133-d3cc-4c94-81ea-5199eeaa0e5e,David Garcia,david.garcia@gmail.com,2023-01-09T23:28:46.419608,Australia,False
e87b2b20-4536-47ee-a024-71f246b0d9ce,Emma Brown,emma.brown@gmail.com,2023-11-27T23:28:46.419615,France,True
0390a3e8-3607-4cbe-b222-67321e5662b5,David Brown,david.brown@hotmail.com,2025-09-21T23:28:46.419629,Germany,True
d6d565e2-195b-4807-b023-5f72415ef7c1,Michael Jones,michael.jones@outlook.com,2023-12-19T23:28:46.419641,France,True
9e8eca8b-a9f5-45cb-96cb-22a51d8e67ee,Michael Williams,michael.williams@hotmail.com,2025-06-24T23:28:46.419651,Canada,True
658a2e0f-fe9d-49a6-a13e-8f60240727bf,Jane Brown,jane.brown@hotmail.com,2023-07-08T23:28:46.419659,India,False
4388e90d-a5c0-46c5-8d96-7747c7ef13c7,Michael Garcia,michael.garcia@outlook.com,2024-01-19T23:28:46.419666,UK,True
0c99da0b-c6c4-451f-8444-089c4814d157,Michael Williams,michael.williams@gmail.com,2025-05-30T23:28:46.419674,Germany,False
35130164-0c21-40b4-a880-f92632f0c47b,James Davis,james.davis@hotmail.com,2023-07-19T23:28:46.419681,Germany,False
12dc740d-f08d-4786-9e6f-acd04c231a0d,Jane Garcia,jane.garcia@hotmail.com,2025-03-31T23:28:46.419723,Germany,False
f1396ae2-4283-4c1a-a1a2-1d3f1094c6eb,David Smith,david.smith@yahoo.com,2023-08-27T23:28:46.419736,USA,True
71f27d60-8ef0-4eea-8b26-3891457c00f2,Sarah Jones,sarah.jones@yahoo.com,2025-02-05T23:28:46.419750,Germany,False
5f675441-a173-412e-bcac-fc0dff933b12,Emily Johnson,emily.johnson@gmail.com,2023-01-30T23:28:46.419761,Japan,False
c4367a30-6fdd-459a-a4e2-76f5d7999b0a,Michael Miller,michael.miller@yahoo.com,2023-01-24T23:28:46.419769,France,True
c0ca2b00-62d8-4d78-8315-d37b23892149,James Smith,james.smith@hotmail.com,2025-10-06T23:28:46.419776,India,True
0b584597-5f3e-4526-b5bc-c8c4fbcd5f54,Emily Miller,emily.miller@hotmail.com,2023-07-12T23:28:46.419784,Germany,True
cef7229a-e102-4354-8f49-1cb1e93aae1f,James Smith,james.smith@outlook.com,2024-11-27T23:28:46.419792,India,False
be2dacb7-9933-4995-a2ca-ce4f7e55a0b9,Jane Miller,jane.miller@gmail.com,2024-07-03T23:28:46.419799,Japan,False
74491380-a86e-4dc9-a578-7a4f30d85ee8,Jane Miller,jane.miller@outlook.com,2023-12-19T23:28:46.419806,Australia,False
efbdaf64-05d7-4376-9317-793a6ce356c4,Michael Johnson,michael.johnson@gmail.com,2022-11-23T23:28:46.419813,Australia,False
69079bd7-9494-4bb1-9974-c6a8255be5b0,Emily Williams,emily.williams@yahoo.com,2025-04-17T23:28:46.419821,Canada,False
e50ab504-38b4-4840-b3a0-76dacdefea91,Sarah Williams,sarah.williams@yahoo.com,2025-06-12T23:28:46.419827,Canada,False
58958151-d4e7-4c18-9d76-f6284f3a9c92,Emma Davis,emma.davis@outlook.com,2024-02-05T23:28:46.419835,Canada,False
8e96c0f4-acb0-4355-abc3-930f2cb52705,Jane Davis,jane.davis@hotmail.com,2024-03-03T23:28:46.419844,Germany,True
b8745775-6c0a-4900-912a-d85ccb26d30f,Emily Johnson,emily.johnson@outlook.com,2023-04-13T23:28:46.419851,India,True
5a9c73b0-5b39-43d3-b9f8-0cfd9255abf3,John Garcia,john.garcia@outlook.com,2025-06-09T23:28:46.419861,UK,False
4dcc8373-9aef-4f4f-9a45-f33b53c851b4,Emma Smith,emma.smith@hotmail.com,2024-10-24T23:28:46.419876,France,False
8bbdf75f-434b-4538-8200-c3cbf7937310,Michael Smith,michael.smith@hotmail.com,2025-04-16T23:28:46.419884,France,True
28a037d4-05a7-4ac1-99d2-ac1467bfab4a,Michael Smith,michael.smith@yahoo.com,2023-06-01T23:28:46.419892,India,False
fe86b20a-99b1-4e28-b101-d08f240e1f40,Emily Garcia,emily.garcia@outlook.com,2023-09-12T23:28:46.419901,Japan,False
c739bcb9-82af-4b82-964d-9d477431a409,John Garcia,john.garcia@gmail.com,2024-01-08T23:28:46.419913,UK,False
6341d3df-0898-4915-bf81-29998ab3242c,David Jones,david.jones@yahoo.com,2024-01-01T23:28:46.419922,UK,False
83203087-0c9a-41fe-9222-af62c9fd2e2b,Emily Jones,emily.jones@hotmail.com,2025-02-22T23:28:46.419935,UK,False
02cbea93-1dfe-42ed-ac0f-db983839a6ac,James Garcia,james.garcia@yahoo.com,2022-12-01T23:28:46.419946,UK,False
cebc80e7-c2b5-4e96-ad70-822c176dd1e2,Emily Smith,emily.smith@outlook.com,2024-02-20T23:28:46.419954,Canada,False
2cab6220-f771-40bd-9037-296f850c6f97,Emily Davis,emily.davis@yahoo.com,2024-08-07T23:28:46.419961,Canada,False
e97fa926-fb1e-4bc2-9621-a9ff1ac44a03,Jane Jones,jane.jones@gmail.com,2023-01-09T23:28:46.419968,USA,False
c6b1365f-92ae-474a-ad36-d661c23fbf07,Michael Miller,michael.miller@yahoo.com,2024-12-16T23:28:46.419976,Canada,False
c671a438-3cbd-4846-8a53-72a4d25d3667,Emma Smith,emma.smith@hotmail.com,2023-10-29T23:28:46.419983,Australia,False
93539aa3-f7d5-41ec-ab2d-39cf666a424f,David Davis,david.davis@yahoo.com,2022-11-16T23:28:46.419991,Australia,False
e4c59372-176c-4d8b-9aac-c2a8f9165be7,Emma Brown,emma.brown@outlook.com,2023-05-26T23:28:46.419998,India,False
ac80daad-d94b-4d46-a8d9-141604a1d87c,James Miller,james.miller@yahoo.com,2024-10-01T23:28:46.420005,Canada,False
b80d8ae5-21ac-4706-8008-b734ca4ffd6e,John Davis,john.davis@outlook.com,2025-04-17T23:28:46.420012,UK,False
2c8a7f78-56e4-4e34-a473-4a7e954dfe53,Jane Williams,jane.williams@outlook.com,2023-05-08T23:28:46.420022,Canada,False
65d1c792-1830-49fe-b978-aa72fdae2081,Jane Brown,jane.brown@hotmail.com,2023-11-29T23:28:46.420035,USA,False
cd99ae43-5af0-40e6-88cb-9b48de7f28be,John Miller,john.miller@outlook.com,2024-07-19T23:28:46.420045,Japan,True
d7a09621-3d03-46f9-904d-c52f88a15ae6,Emily Brown,emily.brown@gmail.com,2024-01-31T23:28:46.420055,UK,False
65f136df-d50c-480e-a0a4-ab0aad7e5647,Michael Williams,michael.williams@gmail.com,2024-04-05T23:28:46.420068,India,False
d95150b1-0536-4ec6-b61c-ab2ffe297310,Emma Davis,emma.davis@gmail.com,2025-06-04T23:28:46.420078,USA,False
b6dd7eb3-540b-4a94-b4be-d2353bc0e575,Sarah Williams,sarah.williams@hotmail.com,2025-03-31T23:28:46.420085,Germany,False
c325d984-3144-46c3-b985-c29795fba31f,David Johnson,david.johnson@gmail.com,2024-07-13T23:28:46.420096,Japan,False
2a46a712-9ebd-4e9c-8cbb-a80f7409e51d,Jane Johnson,jane.johnson@hotmail.com,2025-10-11T23:28:46.420109,Australia,False
1efb4733-dc0a-4564-a7e8-651aeabd3fa7,David Miller,david.miller@gmail.com,2023-11-22T23:28:46.420118,Australia,False
4e1d5a08-4325-4ee0-b7d6-afd3b4c27fd6,Michael Johnson,michael.johnson@outlook.com,2025-06-28T23:28:46.420126,USA,False
a4e91736-8e17-494c-bb57-6ff627f25d3e,Emma Smith,emma.smith@hotmail.com,2023-10-11T23:28:46.420134,Germany,True
4b9f6110-ebbd-4667-aef8-431099e0c8e9,Emily Johnson,emily.johnson@outlook.com,2024-07-08T23:28:46.420141,UK,False
c7784073-1f83-4aed-b5d9-bd6bbceaa352,Michael Smith,michael.smith@outlook.com,2023-12-21T23:28:46.420148,Canada,False
2fadc258-89af-4e45-a49b-c647c4e8e387,Emma Williams,emma.williams@yahoo.com,2025-07-07T23:28:46.420156,India,True
f7360ad0-aa55-42f3-b0b5-33e4dbfb4993,David Brown,david.brown@gmail.com,2024-10-01T23:28:46.420163,USA,False
396fb895-1076-420e-b317-62420af27875,David Miller,david.miller@hotmail.com,2024-06-13T23:28:46.420170,USA,False
647c94f8-aa5b-40e3-bd4c-0e6ff04b4c41,David Garcia,david.garcia@gmail.com,2024-01-04T23:28:46.420177,Germany,True
09b02d2f-586b-458e-90a8-7c1881bba840,Emily Miller,emily.miller@hotmail.com,2023-05-28T23:28:46.420184,Japan,False
a828ad7e-f481-43e0-9da6-eb45aee4dbf8,Michael Davis,michael.davis@hotmail.com,2023-10-23T23:28:46.420193,Germany,True
a8d4e6bc-039e-4e96-b6f7-3069e6f0afd7,James Johnson,james.johnson@hotmail.com,2024-11-09T23:28:46.420201,Germany,False
9cf31c5a-2127-4071-bc01-3457e6df171e,Jane Johnson,jane.johnson@outlook.com,2024-03-18T23:28:46.420208,Germany,False
d65c9605-62e5-43d6-a818-8852994c12e9,James Williams,james.williams@hotmail.com,2023-11-25T23:28:46.420218,India,True
71c4522d-949b-478a-9192-4eea5d1a1ea8,Emily Miller,emily.miller@outlook.com,2025-07-19T23:28:46.420231,UK,False
5d28f5e1-f315-4754-92eb-ef5dfff3fabf,Emily Williams,emily.williams@gmail.com,2025-01-25T23:28:46.420239,India,True
c9ec81ff-7a3a-499a-be59-9cf116c53da1,Michael Johnson,michael.johnson@yahoo.com,2023-10-25T23:28:46.420247,France,False
27043aa7-c897-4521-b925-903465147c43,John Williams,john.williams@hotmail.com,2023-10-16T23:28:46.420254,France,False
2593b9a3-286f-4dfc-b08c-81d2dc62e173,Jane Williams,jane.williams@outlook.com,2023-08-21T23:28:46.420261,France,False
75db391f-8f7c-4a34-8486-25e3cc4f9345,Sarah Johnson,sarah.johnson@gmail.com,2024-10-28T23:28:46.420268,India,False
4d3829b8-0a13-44a8-b839-5d17652bbc2c,Jane Jones,jane.jones@outlook.com,2023-05-15T23:28:46.420277,Australia,False
970cb2ff-1196-4b86-b9b9-4482d4366bda,Emma Brown,emma.brown@gmail.com,2025-02-09T23:28:46.420285,UK,False
fc154d36-1814-4b0d-b7db-7f8a5d54142c,Michael Davis,michael.davis@gmail.com,2024-01-29T23:28:46.420292,France,True
32f248ac-f2bf-496b-ba27-c5b6afc531c1,David Jones,david.jones@yahoo.com,2024-11-22T23:28:46.420299,France,False
8fbba1ef-6975-4be8-88f9-9a8e31682c27,Jane Brown,jane.brown@yahoo.com,2024-07-17T23:28:46.420307,India,True
afce5f6d-a9aa-4aa7-aeaf-6d3528da228e,Emily Garcia,emily.garcia@hotmail.com,2025-02-21T23:28:46.420314,UK,True
35626fa8-6cfe-48bf-b2be-1a0e5a7cc47f,David Miller,david.miller@hotmail.com,2022-12-03T23:28:46.420322,Japan,False
38fd3410-fb7b-4218-ac33-dd5bc9c2e720,Jane Williams,jane.williams@outlook.com,2025-06-15T23:28:46.420330,India,False
d480095c-44ea-490f-a00c-c32104de7c70,Emily Williams,emily.williams@yahoo.com,2025-02-22T23:28:46.420338,Japan,True
495108f5-f0b9-49c7-8628-10573eb416bb,Jane Williams,jane.williams@outlook.com,2024-12-11T23:28:46.420348,Canada,False
c7a8a79b-b845-4e1b-b725-836b26269706,Sarah Garcia,sarah.garcia@outlook.com,2025-06-05T23:28:46.420362,Germany,False
ad42b034-72c6-42c3-b099-324d0488666b,David Williams,david.williams@outlook.com,2022-11-17T23:28:46.420371,UK,False
af2e90c6-11cc-40a4-a7c1-a3568c60d81f,Michael Williams,michael.williams@outlook.com,2025-08-21T23:28:46.420379,USA,True
d92658be-020c-4c96-8b8d-ee6218a0aee0,John Jones,john.jones@yahoo.com,2023-07-14T23:28:46.420386,USA,False
29d8ea57-a0b2-430a-bf06-1bc079e15f34,David Jones,david.jones@hotmail.com,2024-06-30T23:28:46.420399,Japan,False
34149837-aa6a-4563-9cdd-912cd455556d,Emma Johnson,emma.johnson@gmail.com,2024-12-25T23:28:46.420409,India,False
5a35f400-2eca-4787-9d0c-3316e14448ca,Emma Davis,emma.davis@yahoo.com,2023-12-18T23:28:46.420419,Canada,False
cbe6e534-c30a-4fc7-b443-7adbe5efb573,Emily Garcia,emily.garcia@hotmail.com,2025-02-19T23:28:46.420429,France,True
17e4f798-ba56-49a1-baac-ec3d497fb273,Emily Brown,emily.brown@hotmail.com,2025-03-08T23:28:46.420440,Germany,False
31b838bc-5ca9-47fb-8f40-1d40427c064e,Sarah Williams,sarah.williams@gmail.com,2025-08-02T23:28:46.420451,Germany,False
df89ac35-5b17-4854-a307-207748c0607d,James Brown,james.brown@yahoo.com,2024-01-13T23:28:46.420465,France,False
2372f764-981c-4aaa-8468-6411fb3b3125,Michael Davis,michael.davis@hotmail.com,2023-01-27T23:28:46.420478,Germany,False
da85ac8a-61da-4869-a155-18d4100eaae1,John Johnson,john.johnson@hotmail.com,2023-01-13T23:28:46.420499,India,False
24369008-5b0c-4d28-9cdb-c37a76c6971d,Sarah Garcia,sarah.garcia@gmail.com,2025-08-02T23:28:46.420510,Germany,False
fef75ca1-815f-49b5-9982-6e9e84ed765a,Emma Jones,emma.jones@gmail.com,2025-04-07T23:28:46.420520,Japan,False
87feedfe-6d67-47be-aee2-91d040a3c4c1,David Garcia,david.garcia@hotmail.com,2023-10-26T23:28:46.420530,USA,False
dbba1c80-fe89-4966-9def-d9a652b72ae5,John Brown,john.brown@outlook.com,2024-04-01T23:28:46.420541,UK,False
c4addaac-ac98-4f42-99f3-9a4035fd5f35,Emma Jones,emma.jones@gmail.com,2025-02-23T23:28:46.420552,UK,False
3207f4b0-d83c-450b-b03c-938d421723e9,Emily Garcia,emily.garcia@outlook.com,2025-01-22T23:28:46.420563,Australia,False
fceb5005-c2ec-4588-a10a-3fc591d1ba4b,John Smith,john.smith@gmail.com,2025-02-06T23:28:46.420577,France,False
3c58097c-1fa7-40f0-94de-2f5e0cea95cb,Emma Williams,emma.williams@yahoo.com,2024-01-12T23:28:46.420588,France,False
9298ec18-7a0c-4081-b91f-62f2e7680a90,James Jones,james.jones@outlook.com,2023-01-10T23:28:46.420601,India,False
72b3b3fc-ff58-45c6-9ef5-b2557a1b71b6,Emma Smith,emma.smith@outlook.com,2024-01-05T23:28:46.420615,UK,False
3ce6be94-6d1d-4c47-9e5e-e602e0674253,David Smith,david.smith@hotmail.com,2024-05-19T23:28:46.420629,Australia,True
3a447082-74d9-4d0c-b642-7e85e9d9517b,Emma Williams,emma.williams@hotmail.com,2025-01-15T23:28:46.420641,Australia,True
14ac2258-5573-4cb8-97f4-6109cdecaf3b,Jane Brown,jane.brown@gmail.com,2023-05-25T23:28:46.420651,France,False
975a2154-333e-48a9-896d-9b2a0bd4cd59,Michael Miller,michael.miller@yahoo.com,2023-07-27T23:28:46.420662,India,True
7342623c-7a31-4b89-a87c-2615c26ae4d6,Michael Brown,michael.brown@outlook.com,2023-03-10T23:28:46.420694,Japan,False
70d03b0e-e7ec-4121-b3fa-7c1c1e6c006c,Michael Davis,michael.davis@outlook.com,2023-11-19T23:28:46.420707,Germany,False
8c7a3f2c-8591-4b2c-b329-f6d8502ddcc2,Sarah Brown,sarah.brown@outlook.com,2024-03-12T23:28:46.420719,Australia,False
f08ebb18-700f-438b-a010-8c06e0c34523,David Brown,david.brown@hotmail.com,2024-02-03T23:28:46.420731,India,False
357d757c-6093-4931-87dd-5d60c6cb2b20,David Jones,david.jones@gmail.com,2023-09-28T23:28:46.420743,Japan,False
0c3cea17-fdb4-49f2-b1bf-89bc5d038aca,Michael Jones,michael.jones@gmail.com,2024-04-03T23:28:46.420761,UK,False
25d61ec1-bb3e-4932-abb8-fb3fee94a4fa,Emma Jones,emma.jones@hotmail.com,2024-09-01T23:28:46.420771,Australia,False
04e40d29-22ea-4974-a632-6b5ad826503e,David Williams,david.williams@gmail.com,2024-07-11T23:28:46.420784,Australia,True
7768640a-56f8-40e1-803f-31ad1029b353,Sarah Brown,sarah.brown@gmail.com,2025-04-22T23:28:46.420796,Japan,False
b7fb1379-a1a6-4fde-8f45-b1b2f007d747,Emma Johnson,emma.johnson@yahoo.com,2025-11-03T23:28:46.420808,Canada,False
a2045834-82e2-4da0-8d6b-b73a15db2510,Emma Davis,emma.davis@yahoo.com,2024-04-04T23:28:46.420822,France,False
8a210310-635b-4cda-9c52-fd4d0d8d4800,John Johnson,john.johnson@yahoo.com,2022-11-14T23:28:46.420834,USA,False
b1b26d99-bb9b-41c6-a8e9-d14bc9af7aea,James Williams,james.williams@gmail.com,2023-08-23T23:28:46.420846,India,False
a94553c9-5d26-4043-8028-8f940b427dad,David Smith,david.smith@gmail.com,2024-03-12T23:28:46.420858,UK,False
869e15ea-dd35-4388-a73f-875e520bb815,David Davis,david.davis@hotmail.com,2025-02-12T23:28:46.420869,India,False
584ee86e-acdb-46fe-8c20-2fb3a42a2c28,Sarah Johnson,sarah.johnson@outlook.com,2024-12-16T23:28:46.420885,India,False
342c7873-1596-4d2d-9605-f0668fabcc1b,Michael Smith,michael.smith@outlook.com,2024-03-19T23:28:46.420899,Australia,False
a218bafd-37ca-480c-baf3-902e64e81f56,James Miller,james.miller@outlook.com,2025-05-20T23:28:46.420910,Japan,True
d275d5d0-7cbc-401e-803c-9daa204a368c,Michael Williams,michael.williams@hotmail.com,2024-01-21T23:28:46.420923,Australia,True
404de692-7a14-4885-aebd-1aa0522e5127,David Miller,david.miller@yahoo.com,2023-05-14T23:28:46.420933,Germany,False
2a4bb1c4-ee0c-4e4a-a047-dc486e8a0482,David Smith,david.smith@outlook.com,2023-11-08T23:28:46.420950,Australia,True
eb79bcaf-2333-45e9-9cf5-7155809cc8f7,Jane Davis,jane.davis@outlook.com,2024-12-21T23:28:46.420962,Japan,False
d1c20c7e-e339-471c-9010-559e9df9b8e0,Jane Jones,jane.jones@outlook.com,2024-08-18T23:28:46.420973,Australia,False
d01ba2ab-b3bb-4f5f-9acf-7fd02e012cf4,Emma Williams,emma.williams@hotmail.com,2023-10-10T23:28:46.420987,Japan,False
6e142859-2fc2-4c48-b5de-e62f82ddbbcd,Sarah Brown,sarah.brown@gmail.com,2022-12-03T23:28:46.421000,India,False
07625f86-27d4-4804-822c-194b627839ff,Jane Johnson,jane.johnson@gmail.com,2023-01-13T23:28:46.421012,Australia,False
02217a75-3043-4419-ad4b-d6fc63f59001,Michael Garcia,michael.garcia@hotmail.com,2025-03-20T23:28:46.421032,Australia,False
99b2d1e0-7206-4d78-8db5-c5530dc03bbf,Jane Davis,jane.davis@gmail.com,2023-04-30T23:28:46.421045,Canada,False
ae8f4e8c-cb88-4a98-bbff-b2aedf05ebc5,Emma Smith,emma.smith@hotmail.com,2024-02-21T23:28:46.421057,USA,False
0f8f6272-5d54-47da-a07a-ad97cefd34b3,David Smith,david.smith@yahoo.com,2025-06-17T23:28:46.421069,USA,False
4e625191-f650-4f4e-9792-9a1c4f0f142a,Emily Johnson,emily.johnson@gmail.com,2025-06-25T23:28:46.421082,India,True
ebcdef75-f4c5-41d9-bf0f-bf3ff5c54c46,David Miller,david.miller@yahoo.com,2025-02-09T23:28:46.421095,Japan,False
eadcbc24-24f2-4b0a-9965-b4ec106f9cdf,James Davis,james.davis@hotmail.com,2023-10-06T23:28:46.421106,UK,False
89f83256-ad42-4136-889f-36c9f83489e3,Emily Johnson,emily.johnson@yahoo.com,2023-09-01T23:28:46.421120,Canada,False
534917bc-103f-48b0-9a57-3557b4214c05,John Smith,john.smith@outlook.com,2023-04-10T23:28:46.421133,Japan,False
6d156202-76b0-441d-ad28-0827c529f3e0,Sarah Brown,sarah.brown@hotmail.com,2023-12-06T23:28:46.421145,Canada,False
5728ff97-2aa0-4c70-a3e8-0c6e8415d979,Sarah Johnson,sarah.johnson@gmail.com,2023-07-09T23:28:46.421158,USA,False
c3dd50ea-3381-4798-a7ed-0d1636e21053,Sarah Johnson,sarah.johnson@gmail.com,2025-09-06T23:28:46.421170,India,True
01bfae04-8084-41f5-9a83-a39b3cc7eea0,Sarah Smith,sarah.smith@hotmail.com,2023-05-30T23:28:46.421183,Australia,False
9bdaec5b-7d57-40f6-913d-2b3184b088a0,John Williams,john.williams@outlook.com,2024-07-22T23:28:46.421195,France,False
37eb4bf5-0a87-420d-8679-bacd737ec08a,Sarah Jones,sarah.jones@yahoo.com,2022-12-12T23:28:46.421206,Australia,False
b120a4f7-219c-4621-b679-55e1964f0be9,David Jones,david.jones@gmail.com,2024-11-20T23:28:46.421217,Japan,False
d888cab3-be69-4feb-b2ea-a9923c90fcc4,John Garcia,john.garcia@hotmail.com,2022-12-05T23:28:46.421231,France,False
3706b05a-ea9a-4a28-8866-e006097f0b7e,James Williams,james.williams@outlook.com,2023-10-05T23:28:46.421243,Canada,False
6f898a0b-d583-435f-9d37-ccc56477947c,Sarah Brown,sarah.brown@outlook.com,2025-01-22T23:28:46.421256,India,True
7446d724-2c50-4420-bc61-ae3ffb5c38b0,James Miller,james.miller@yahoo.com,2023-09-10T23:28:46.421269,Australia,False
3ffbd932-9afe-4f1b-9cf9-0a9ce578d356,Sarah Garcia,sarah.garcia@gmail.com,2023-05-07T23:28:46.421281,France,True
9cd6dba1-a268-4cd7-b05f-c1dc47601941,Sarah Smith,sarah.smith@outlook.com,2023-10-03T23:28:46.421292,USA,True
0426da58-24b9-43a2-a57b-5189913ae8f5,Sarah Brown,sarah.brown@hotmail.com,2024-09-12T23:28:46.421305,France,False
defd9511-40a0-4031-a135-1fc7175cd0d1,John Brown,john.brown@yahoo.com,2025-03-18T23:28:46.421320,India,False
08306c9f-841b-4afe-aeff-42b22b575bf4,Sarah Miller,sarah.miller@yahoo.com,2024-01-25T23:28:46.421333,Germany,False
70c0f332-c074-4a0a-a6ef-3d5c0fc05e01,Emma Garcia,emma.garcia@outlook.com,2024-05-27T23:28:46.421351,France,False
69aa53be-c3cc-4942-8c53-e3f92a1efd14,Emma Johnson,emma.johnson@hotmail.com,2024-01-28T23:28:46.421362,Australia,False
f7e88171-9d39-44ab-8a97-deff6441d182,Emily Miller,emily.miller@gmail.com,2024-08-17T23:28:46.421374,Canada,True
f6b1c6e5-fcee-45ff-90b4-d3a83e2a49f9,David Miller,david.miller@outlook.com,2025-01-05T23:28:46.421386,Australia,False
c992963b-872b-4fc9-b1ad-58d8033f5e4c,Sarah Miller,sarah.miller@yahoo.com,2023-01-26T23:28:46.421396,France,False
e9b1fda8-a652-4c27-8aba-85ba0b277759,Emma Davis,emma.davis@hotmail.com,2024-12-04T23:28:46.421407,France,False
e5a58881-5f25-4ba7-a9f8-56d7de87d0d1,Michael Davis,michael.davis@yahoo.com,2025-07-16T23:28:46.421419,USA,True
0681fdd5-52d1-49c7-b5c6-2282ea56db87,John Smith,john.smith@hotmail.com,2025-02-05T23:28:46.421432,Australia,True
118cbf77-1774-4a80-b940-a3f480c34df2,Michael Smith,michael.smith@yahoo.com,2023-01-13T23:28:46.421446,India,False
ba8d807c-fa96-40ad-afc6-09fe3177cf4b,John Davis,john.davis@hotmail.com,2025-10-12T23:28:46.421457,USA,False
db1311c5-9e24-48a4-9045-7b38a64dfaf9,John Smith,john.smith@outlook.com,2024-04-05T23:28:46.421469,USA,False
a14ae6cc-2121-43ff-9b91-add73f50f021,Michael Johnson,michael.johnson@gmail.com,2022-12-06T23:28:46.421481,Canada,False
72bc0425-8d26-44f7-b8dd-0e77a30294df,Sarah Jones,sarah.jones@outlook.com,2024-05-15T23:28:46.421493,Japan,True
201434f2-e481-432d-b87b-5399283803a5,Emily Miller,emily.miller@hotmail.com,2024-07-03T23:28:46.421504,Australia,False
cb3c958c-6f88-4648-8a9c-611a13f418c7,Jane Smith,jane.smith@gmail.com,2023-08-06T23:28:46.421517,Japan,False
0b888973-2821-4bd8-87f8-92a358bad179,Emma Smith,emma.smith@gmail.com,2024-11-28T23:28:46.421529,UK,False
6159789c-159f-4b70-90a4-c1eb84d71a1e,James Garcia,james.garcia@gmail.com,2022-11-28T23:28:46.421539,USA,False
1f91934d-96c7-4cdb-a6dd-14c5211d425b,Sarah Davis,sarah.davis@outlook.com,2025-08-10T23:28:46.421549,UK,False
e330aa7e-8c97-4567-9389-ef02ed2eacfb,John Williams,john.williams@outlook.com,2025-10-12T23:28:46.421561,Australia,False
6c13080b-2974-470b-aa28-afd502b4dcf0,James Johnson,james.johnson@outlook.com,2024-12-16T23:28:46.421575,Australia,False
0bd3e7a5-8767-4c2c-97a7-854fab606730,Emily Miller,emily.miller@yahoo.com,2025-06-06T23:28:46.421591,France,True
b3c00ea9-e5b1-45ec-8975-2f819fb9d336,Jane Miller,jane.miller@yahoo.com,2025-06-11T23:28:46.421604,France,False
50fa1c70-2b75-4947-afb7-b2595a364768,Emily Smith,emily.smith@outlook.com,2023-05-06T23:28:46.421620,India,False
70312504-389b-4ca2-9007-353ccf2dbef4,Emily Miller,emily.miller@hotmail.com,2024-10-29T23:28:46.421632,Japan,True
d3cb0ae6-9ecb-4732-81ad-ed50c34a7b04,David Brown,david.brown@gmail.com,2025-05-29T23:28:46.421644,Germany,False
a2bcc35e-eaca-4456-88f2-caced13f9cc7,James Williams,james.williams@hotmail.com,2024-02-04T23:28:46.421657,France,True
0b2401b2-3d30-4cf7-a09c-a938edfaa4af,Jane Smith,jane.smith@outlook.com,2023-05-18T23:28:46.421701,France,False
23fff952-b246-4b91-9192-96716e1c64e5,Jane Williams,jane.williams@gmail.com,2024-10-26T23:28:46.421716,Japan,False
d9bd236a-b11c-4f40-8641-26349f7713a3,James Johnson,james.johnson@gmail.com,2025-05-14T23:28:46.421728,France,True
2c210f2a-ca44-4037-94be-461f6ac41dca,Emily Miller,emily.miller@gmail.com,2024-03-26T23:28:46.421740,Japan,False
981db264-5c9e-46b2-8674-c5db5a9d1c9a,Jane Brown,jane.brown@yahoo.com,2023-09-26T23:28:46.421752,Canada,False
62b4fce0-6b15-4b0e-99cc-949b67b952fb,David Jones,david.jones@outlook.com,2023-02-08T23:28:46.421765,Canada,True
6bc9baf6-1c75-4097-a101-e9ca456e4816,Michael Miller,michael.miller@outlook.com,2023-07-05T23:28:46.421779,Germany,False
d5002f37-a8da-43f1-9dc5-d93bf1f1c32c,Jane Garcia,jane.garcia@outlook.com,2024-06-26T23:28:46.421791,India,False
37fc2838-2485-4d91-8c50-63348358e1f8,Emma Johnson,emma.johnson@yahoo.com,2024-02-29T23:28:46.421804,USA,False
10a9565f-8d4e-437b-861c-91dec85d4cb7,Emily Miller,emily.miller@outlook.com,2023-05-27T23:28:46.421816,France,False
59becfa9-9a34-402c-924c-68c368b0b811,Michael Jones,michael.jones@outlook.com,2024-09-28T23:28:46.421829,India,False
e5e26b85-b943-433a-ac5a-8f2c52ba2229,Michael Miller,michael.miller@outlook.com,2024-03-27T23:28:46.421841,India,False
b1637ff9-be7c-4599-b73d-1ef6ad451fdd,Emily Miller,emily.miller@outlook.com,2023-09-01T23:28:46.421857,France,True
c2a601ff-41e9-4246-932b-b14aacd01251,Sarah Williams,sarah.williams@gmail.com,2023-04-13T23:28:46.421872,Australia,False
f0694c84-feda-4f9b-92da-a9bdc1c9a303,David Johnson,david.johnson@hotmail.com,2023-01-26T23:28:46.421885,Canada,False
ce09ec42-1425-4fd4-8536-c65f8026999d,Sarah Jones,sarah.jones@yahoo.com,2023-07-01T23:28:46.421897,Japan,True
21db73cc-1bfc-4548-893c-364b10e4f2d9,Emma Davis,emma.davis@hotmail.com,2022-11-15T23:28:46.421910,Japan,True
bd270376-c0d5-4812-88c5-e76b5b47ed6e,Emily Johnson,emily.johnson@gmail.com,2024-06-23T23:28:46.421926,France,False
263048d3-c77e-47f3-b096-244f9e64345a,John Miller,john.miller@outlook.com,2023-06-16T23:28:46.421937,UK,True
86573e7c-fb0e-4122-9c22-46cb8e3265a0,Jane Jones,jane.jones@yahoo.com,2023-01-03T23:28:46.421949,Australia,False
e983c879-e3b0-4ba7-8f26-c417cddd4d3e,Emily Miller,emily.miller@hotmail.com,2023-01-24T23:28:46.421962,Canada,False
efe45784-9694-4297-aa36-1b33aff2f12d,John Davis,john.davis@gmail.com,2024-03-18T23:28:46.421974,Japan,True
05c97be5-ab51-4c33-986b-78fb7cc6288c,Jane Williams,jane.williams@outlook.com,2024-02-14T23:28:46.421987,France,False
d1b0ea63-69ee-4ec2-a6a8-1e1b42360e51,Sarah Davis,sarah.davis@outlook.com,2023-03-14T23:28:46.422000,UK,False
b2b3327e-ef7b-4802-84bb-8ad6bd1a9f21,Emma Garcia,emma.garcia@gmail.com,2024-03-09T23:28:46.422012,USA,True
06696f97-b51a-45f7-8b45-acafe0b6bf08,John Garcia,john.garcia@gmail.com,2024-12-12T23:28:46.422023,Australia,False
eb2ffdf0-1af4-434a-a8eb-bf396dbf7d84,Michael Garcia,michael.garcia@hotmail.com,2023-04-12T23:28:46.422035,Australia,False
c2deb452-5df9-426d-8f64-bba084dfceb3,Michael Williams,michael.williams@hotmail.com,2023-08-26T23:28:46.422046,USA,False
cc8091b7-f697-4e70-9c93-5041f5fe2324,Emma Miller,emma.miller@hotmail.com,2025-11-04T23:28:46.422058,Australia,False
9ff692f0-b399-4664-95a8-10443b7c7719,David Johnson,david.johnson@gmail.com,2024-10-27T23:28:46.422070,France,False
4e98a5b9-f987-4452-8e94-e36210270211,Sarah Davis,sarah.davis@gmail.com,2024-05-25T23:28:46.422084,India,False
6c92baa9-ea3a-4546-9034-c0eb1c5455b5,James Miller,james.miller@gmail.com,2023-12-02T23:28:46.422097,France,False
1df8be30-37cc-428f-874a-b85439d46bbe,Michael Jones,michael.jones@gmail.com,2025-02-12T23:28:46.422117,France,True
317efc6c-be58-4041-82bc-f101d37ffefe,Sarah Jones,sarah.jones@gmail.com,2024-11-04T23:28:46.422129,France,False
1a29cfbe-f19b-4f66-b009-41e6bf232e47,James Miller,james.miller@yahoo.com,2023-09-20T23:28:46.422141,Japan,False
21aae683-3a57-4482-83cd-2d553cabac10,Emma Williams,emma.williams@yahoo.com,2023-02-15T23:28:46.422154,Germany,False
5a7fa3e3-1e96-4c57-a95f-556d87a2b3d8,Michael Garcia,michael.garcia@hotmail.com,2025-07-27T23:28:46.422171,France,True
96b3bc51-2fa8-4019-b3b1-21f25cbf124f,Emma Williams,emma.williams@yahoo.com,2023-09-19T23:28:46.422184,India,False
919df88e-65c5-4d9c-ba55-f846cbc2d375,Emma Miller,emma.miller@hotmail.com,2023-02-17T23:28:46.422197,Canada,True
fd73512c-6f1f-41ce-9a6d-b14edb85d63a,John Brown,john.brown@outlook.com,2025-09-08T23:28:46.422210,Germany,False
606da2dc-e283-4278-aebb-3cdfe5a58173,David Williams,david.williams@hotmail.com,2023-02-03T23:28:46.422225,UK,True
e419ae6f-cc9f-4ea7-8d5e-28ada22bf39d,David Garcia,david.garcia@gmail.com,2023-05-25T23:28:46.422238,Australia,False
ff15292d-fef3-4f01-b87a-760e1f5adaaf,Jane Brown,jane.brown@outlook.com,2025-09-08T23:28:46.422250,India,False
04e39f73-c42d-4395-a648-df81b297b090,Emily Johnson,emily.johnson@hotmail.com,2025-03-18T23:28:46.422262,Australia,False
7accccfb-f1e0-4352-83e4-8eb6e5d231be,Emily Miller,emily.miller@yahoo.com,2025-02-01T23:28:46.422275,Australia,False
035f597a-64d0-4c7f-8803-8573e144aaf4,John Garcia,john.garcia@outlook.com,2024-12-04T23:28:46.422288,France,False
bf314552-2d60-453e-bba5-49d0fbd27c6b,David Jones,david.jones@gmail.com,2025-02-09T23:28:46.422301,Japan,True
3b95ae22-4d94-4898-9233-7b6e12ed3dcf,David Williams,david.williams@yahoo.com,2024-06-20T23:28:46.422313,Canada,False
1873ef1f-17f6-4544-a504-f55c76015b1c,Sarah Miller,sarah.miller@hotmail.com,2025-01-26T23:28:46.422324,Germany,False
5df73a88-a3f6-46f3-a7f1-21f7a26bc972,James Davis,james.davis@gmail.com,2025-05-07T23:28:46.422336,Japan,False
d0ea5d6b-e0a9-46c5-b449-3a12278a3926,Emily Davis,emily.davis@hotmail.com,2024-01-13T23:28:46.422349,USA,True
a09e5ecb-6d6f-420d-9495-9fff5fbfd9f3,Emma Garcia,emma.garcia@gmail.com,2022-11-15T23:28:46.422360,Japan,False
1ac8a282-0f6e-45e1-ae2a-a957e23584c2,James Brown,james.brown@hotmail.com,2024-05-13T23:28:46.422372,France,False
6f138189-e99c-4070-bdeb-2aa88fffa104,Emily Williams,emily.williams@hotmail.com,2023-12-11T23:28:46.422383,USA,True
e256b5d9-bdeb-4687-817b-585d2e30e834,Jane Davis,jane.davis@gmail.com,2025-03-04T23:28:46.422395,Canada,False
e2205a3a-5d05-418c-a138-01f74cde3b51,Emma Smith,emma.smith@hotmail.com,2024-09-25T23:28:46.422406,Canada,False
b8bc7ce7-b23e-472d-8f81-5eb5dc3a9643,Michael Jones,michael.jones@gmail.com,2023-11-06T23:28:46.422417,Germany,True
ac79849a-2e8e-4bc8-bb7f-8bad362b0279,Emily Williams,emily.williams@gmail.com,2023-08-25T23:28:46.422468,Germany,False
e8f50829-ae1d-4aee-bfba-8fc4aa308653,James Johnson,james.johnson@gmail.com,2025-11-11T23:28:46.422480,Australia,False
9ccecb27-598d-4f06-a9bc-aa5883749d3f,Jane Williams,jane.williams@yahoo.com,2022-12-16T23:28:46.422507,India,True
80d0a8d6-21f7-41ea-9895-ce89dc2bc276,John Garcia,john.garcia@gmail.com,2023-07-03T23:28:46.422519,Canada,False
cd6378d0-b396-4103-bc7e-e2b534b1428f,Jane Brown,jane.brown@hotmail.com,2025-05-15T23:28:46.422532,UK,True
88d4bae9-4739-4a18-8302-e4ede48937a9,Emily Garcia,emily.garcia@outlook.com,2025-02-06T23:28:46.422544,Japan,False
e07e7a7d-1a8b-4977-9ef5-14571c0c33ee,Michael Johnson,michael.johnson@gmail.com,2024-12-12T23:28:46.422561,India,False
24e21747-1b9d-4880-b4f1-c66091b96778,Sarah Williams,sarah.williams@hotmail.com,2023-05-22T23:28:46.422573,Australia,True
9fe2c41a-d82d-4df2-a2db-05ad5bd6b5cc,Jane Williams,jane.williams@gmail.com,2023-09-19T23:28:46.422584,France,False
ff3ffaad-b624-442a-812d-ecb46540aa7f,Emily Williams,emily.williams@yahoo.com,2024-04-25T23:28:46.422593,UK,False
1a08ac13-9a61-4ad3-a1b4-ff119ddfd3dd,David Smith,david.smith@outlook.com,2024-09-19T23:28:46.422605,Australia,False
8b239247-52d1-4775-9083-c052774dfc4f,David Smith,david.smith@yahoo.com,2023-02-04T23:28:46.422618,Japan,True
ceb17b91-ad69-466d-9c51-b446441c5831,Sarah Davis,sarah.davis@gmail.com,2022-11-28T23:28:46.422630,USA,False
991e9b74-c88c-47c6-8cb5-0f7731f58c33,Emily Williams,emily.williams@hotmail.com,2023-07-06T23:28:46.422639,France,False
732001b8-b2a1-4dd7-9311-6949a7fadc06,Emma Johnson,emma.johnson@gmail.com,2025-06-28T23:28:46.422648,USA,False
828fb8d3-2c0d-4221-9b6a-bd7d069ba851,Sarah Smith,sarah.smith@gmail.com,2023-08-21T23:28:46.422655,Germany,False
4acd292b-e581-4d11-b62e-42b7010f629e,James Miller,james.miller@gmail.com,2025-01-05T23:28:46.422662,Germany,True
188122cb-57cd-42af-abb8-925d3602b397,David Johnson,david.johnson@yahoo.com,2024-12-30T23:28:46.422670,France,False
f9bc77a6-4187-4f5c-a18c-1eb1770268de,Jane Jones,jane.jones@hotmail.com,2024-07-13T23:28:46.422710,USA,False
39f95de3-4efa-478a-86b2-bad11a652bca,Jane Miller,jane.miller@gmail.com,2023-04-30T23:28:46.422722,USA,False
097aff3d-1479-4e02-9b96-8425dc13d65b,Michael Johnson,michael.johnson@gmail.com,2025-02-05T23:28:46.422736,USA,False
5272d376-761f-4741-bc61-d0f015ad55d2,Emma Garcia,emma.garcia@outlook.com,2024-12-07T23:28:46.422749,France,False
b72ff46e-2edc-460f-85a5-dbde0bd3fd57,David Johnson,david.johnson@gmail.com,2023-12-28T23:28:46.422762,Japan,False
655ddf4e-3702-4872-a3c3-bad17481d281,Jane Jones,jane.jones@gmail.com,2023-02-01T23:28:46.422774,India,False
9145c454-6ac2-4907-86a7-44f3dcae33e7,John Davis,john.davis@yahoo.com,2023-10-22T23:28:46.422788,Canada,False
9ef6df27-894b-48f8-8f25-610d2c3143ef,Jane Johnson,jane.johnson@yahoo.com,2023-01-06T23:28:46.422804,USA,True
344244da-a713-493b-a92c-078f4a295e83,John Brown,john.brown@gmail.com,2023-03-23T23:28:46.422817,France,False
0e45baa1-810d-46b1-af68-4db3ad4641a8,Michael Williams,michael.williams@gmail.com,2023-07-09T23:28:46.422831,Australia,False
31f4a5ff-1467-4c12-b27c-2efbc4c54c04,Sarah Miller,sarah.miller@outlook.com,2024-05-07T23:28:46.422847,UK,False
b408cf6f-b60d-4480-996f-2005f0ef22e5,Jane Smith,jane.smith@yahoo.com,2024-08-13T23:28:46.422864,USA,False
2e30b402-e2ff-4826-8477-0861dbf361b2,Jane Davis,jane.davis@outlook.com,2024-02-16T23:28:46.422878,France,True
9097efbc-6180-4379-8d24-6c8774e0c185,Emma Smith,emma.smith@outlook.com,2024-09-29T23:28:46.422891,Germany,False
f4041636-47ba-4fb8-b7e2-bb01bcd655e8,Sarah Davis,sarah.davis@outlook.com,2023-02-07T23:28:46.422904,Australia,False
92f7a288-130e-4399-baa6-a1fb9107dc15,Michael Smith,michael.smith@hotmail.com,2025-09-26T23:28:46.422918,Australia,False
67710555-c64e-4cd0-a1ea-0a1bf95438b2,John Garcia,john.garcia@gmail.com,2023-10-05T23:28:46.422933,Germany,True
8cb8d365-962f-428a-a0a6-9f59845b89df,Sarah Brown,sarah.brown@hotmail.com,2023-02-10T23:28:46.422947,USA,False
0daf6f5d-a038-4728-b187-70b74a73d5c1,David Johnson,david.johnson@gmail.com,2024-07-27T23:28:46.422961,Japan,False
b7fddab2-10e2-49a0-bca1-b0bde63920d2,Emma Johnson,emma.johnson@gmail.com,2023-01-13T23:28:46.422974,Canada,False
93d4fb8f-b85c-4708-85c2-d1338e5caa65,Jane Smith,jane.smith@hotmail.com,2025-02-19T23:28:46.422988,Australia,False
bb51d991-688e-45de-9926-0f23911bdb06,David Garcia,david.garcia@hotmail.com,2024-01-15T23:28:46.423001,France,False
3878dea2-c899-4964-864b-4352874a2fa5,David Brown,david.brown@gmail.com,2024-09-24T23:28:46.423014,Canada,True
2323b281-723f-4bf1-92fb-58ff14bd84b0,Michael Johnson,michael.johnson@yahoo.com,2023-05-08T23:28:46.423027,India,False
223dabce-a024-47a1-b195-b1e31ea0e98a,James Johnson,james.johnson@outlook.com,2024-09-14T23:28:46.423040,India,False
33ef122c-dc4a-466c-827f-74ae981520ad,Emma Jones,emma.jones@gmail.com,2025-05-12T23:28:46.423054,Canada,False
a230ec0e-cde4-40ee-b948-7c3eab92c6a1,John Brown,john.brown@outlook.com,2025-01-14T23:28:46.423068,UK,False
8c8639df-cf94-4baf-ba32-e3c96c927a6a,Emily Miller,emily.miller@gmail.com,2024-03-11T23:28:46.423081,Germany,False
f4ea8e59-1c26-4f72-8d27-16724168d5c9,John Miller,john.miller@hotmail.com,2024-06-20T23:28:46.423095,UK,False
1087a771-ee51-44e5-920c-8f55318de1c0,Jane Williams,jane.williams@gmail.com,2025-10-20T23:28:46.423108,USA,False
5be015b1-fe1f-4b8f-a9b4-fd2e34241130,Michael Brown,michael.brown@hotmail.com,2023-10-13T23:28:46.423121,UK,False
409ec63d-7503-4e5c-839d-c43b02e57c5c,Jane Smith,jane.smith@gmail.com,2024-10-05T23:28:46.423137,India,False
07dcfc07-9fdf-4b59-8a5e-4a1603f2a3a2,Jane Garcia,jane.garcia@gmail.com,2025-08-18T23:28:46.423152,India,True
8c5c4eb4-88f4-4dbf-84c3-7f9afbe92f17,Michael Miller,michael.miller@hotmail.com,2023-02-01T23:28:46.423166,USA,False
139f813c-281a-4256-80a7-e2f7340fb037,James Williams,james.williams@outlook.com,2024-08-31T23:28:46.423179,Canada,False
a759e2a3-dbdf-49c6-b17e-c8559408fd1e,David Davis,david.davis@yahoo.com,2025-09-04T23:28:46.423194,Australia,False
ccfcaeaf-11b6-4614-9f90-8a4369005362,Emma Miller,emma.miller@hotmail.com,2025-07-12T23:28:46.423207,UK,False
7f6a531a-b5b3-4da1-9ad8-c2497484712d,James Williams,james.williams@hotmail.com,2024-10-01T23:28:46.423219,Australia,True
610291c4-5a4b-4063-a406-5794844c3825,James Garcia,james.garcia@hotmail.com,2023-02-25T23:28:46.423233,France,False
c1bd0e2f-7cca-47ea-ba1f-3f3110f343be,James Jones,james.jones@yahoo.com,2025-09-21T23:28:46.423246,France,False
815a7ac1-a9f4-4772-9ab8-d975cf4617e0,John Jones,john.jones@gmail.com,2023-03-23T23:28:46.423259,France,False
27580021-a756-485a-aff0-521d11fdc286,Michael Johnson,michael.johnson@yahoo.com,2024-07-08T23:28:46.423271,Germany,True
2de07d19-c208-49e0-924e-be2789483671,Sarah Miller,sarah.miller@outlook.com,2024-11-23T23:28:46.423283,Canada,False
7b1938f6-ca89-4a6c-8a4c-7a062bbff1fc,Emily Garcia,emily.garcia@gmail.com,2023-11-24T23:28:46.423295,Canada,False
6ed9e651-3ee1-4945-94f2-a9719b976d81,Emma Jones,emma.jones@yahoo.com,2023-02-13T23:28:46.423307,USA,True
c9fca402-8f6f-41f4-90c3-aeeb25d44fa9,John Brown,john.brown@yahoo.com,2025-10-04T23:28:46.423319,India,True
f44c8ba7-2ebb-4a90-873e-5830d2eeb35b,Emily Brown,emily.brown@yahoo.com,2023-12-17T23:28:46.423331,Canada,False
441c9e8b-0d85-41c6-bbb0-7b6d34afaaeb,John Smith,john.smith@yahoo.com,2025-01-27T23:28:46.423344,UK,False
93dca8c2-9ce9-403c-beb7-b9828020a5a0,Jane Garcia,jane.garcia@hotmail.com,2025-04-21T23:28:46.423357,France,False
8212d659-30fa-477d-9000-8ce5189df385,Emily Williams,emily.williams@yahoo.com,2023-06-03T23:28:46.423369,India,False
ee6eb6d1-3d00-42d2-9925-ac935fcc40ce,Michael Garcia,michael.garcia@yahoo.com,2024-11-19T23:28:46.423381,Japan,False
7122c1f8-f3ec-46b8-b2bd-8bbc06ecfb16,David Williams,david.williams@yahoo.com,2025-11-10T23:28:46.423394,Japan,True
e5b70b91-5f59-4e5d-9e6c-b11603ccfe91,Michael Garcia,michael.garcia@yahoo.com,2025-04-14T23:28:46.423409,India,False
6d721994-a384-4a35-b391-d7a73b292120,Emily Johnson,emily.johnson@yahoo.com,2023-12-04T23:28:46.423427,France,False
